CSCX;CSC;Predio;Direccion;Pais;Departamento;Municipio;latitud;longitud
13;853;EDIFICIO JUANAMBU;AVENIDA 10 RTE  7N -10 Y CALLE 7a RTE  9N-36-40;COLOMBIA;Valle del cauca;CALI;L;L%&
41;2024;EDIFICIO LA RIBERA;AVENIDA 2 AVENIDA DEL RIO  7-72;COLOMBIA;Valle del cauca;CALI;L;L%&
92;2169;EDIFICIO MULTIFAMILIAR ALCAÑIZ;AVENIDA 3 A OESTE  14-48;COLOMBIA;Valle del cauca;CALI;L;L%&
201;1701;EDIFICIO ALTOS DE RMANDIA;AVENIDA 4B OESTE  2-56/60 OESTE;COLOMBIA;Valle del cauca;CALI;L;L%&
244;2423;CONJUNTO SANTANGELLO APARTAMENTOS CLUB ;AVENIDA 5 OESTE  5-170 Y AVENIDA 6 OESTE  5 - 163;COLOMBIA;Valle del cauca;CALI;L;L%&
269;676;Edifficio Bilvao;AVENIDA 5c47an-45;COLOMBIA;Valle del cauca;CALI;L;L%&
308;2478;ALTAVISTA RMANDIA ETAPA I;AVENIDA 6 OESTE  5 OESTE - 200;COLOMBIA;Valle del cauca;CALI;L;L%&
386;181;PARCELACION GUADUALES DEL RIO;AVENIDA CAÑAS GORDAS EN LA CALLE 18  152 -160 del corregimiento la viga;COLOMBIA;Valle del cauca;CALI;L;L%&
398;369;CONJUNTO CERRADO LA RIVERITA;AVENIDA DEL LAGO CALLE DE LOS CARBONEROS;COLOMBIA;Valle del cauca;CALI;L;L%&
406;1020;CONJUNTO RESIDENCIAL LOMA DE LA RIVERITA;AVENIDA LA RIVERITA CALLE DEL SAUCE;COLOMBIA;Valle del cauca;CALI;L;L%&
407;1660;EDIFICIO AVENIDA ;AVENIDA Las aAmericas  19-80;COLOMBIA;Valle del cauca;CALI;L;L%&
408;1093;EDIFICIO ASTORIA;AVENIDA las Americas  21-09;COLOMBIA;Valle del cauca;CALI;L;L%&
416;1482;Bodegas Gleason;CALI VALLE;COLOMBIA;Valle del cauca;CALI;L;L%&
500;1826;MULTIFAMILIAR LEONEL;CALLE 1 OESTE 82 D 04- 82 D 06;COLOMBIA;Valle del cauca;CALI;L;L%&
527;876;CORPORACION DE PROPIETARIOS EDIFICIO RESIDENCIAS ARISTI;CALLE 10  9 -49/59 CARRERA 9  8 -66;COLOMBIA;Valle del cauca;CALI;L;L%&
528;656;CORPORACION DE PROPIETARIOS  DEL EDIFICIO  RESIDENCIAS ARISTI;CALLE 10  949/59 CARRERA 9  8 -66/86;COLOMBIA;Valle del cauca;CALI;L;L%&
664;771;EDIFICIO SANTA LIBRADA;CALLE 13  3-03/05/09/13/17/21/25/29/33/37/41/45/51/57/63;COLOMBIA;Valle del cauca;CALI;L;L%&
718;380;CONJUNTO RESIDENCIAL EL RINCON DE LAS QUINTAS;CALLE 13B  75-69;COLOMBIA;Valle del cauca;CALI;L;L%&
720;747;EDIFICIO CAÑABRAVA;CALLE 13B  85-24;COLOMBIA;Valle del cauca;CALI;L;L%&
746;512;PARCELACION BELLA SUIZA;CALLE 14 A OESTE  55-175;COLOMBIA;Valle del cauca;CALI;L;L%&
761;1156;EDIFICIO la herreria;CALLE 14  100-90;COLOMBIA;Valle del cauca;CALI;L;L%&
857;2743;CONDOMINIO CAMPESTRE CAMI DE LA MARIA ;CALLE 16 A CARRERA 129 CORREGIMIENTO LA VIGA-PANCE;COLOMBIA;Valle del cauca;CALI;L;L%&
861;3096;CONJUNTO RESIDENCIAL ANTARES PANCE;CALLE 16 A  122 B - 150;COLOMBIA;Valle del cauca;CALI;L;L%&
863;1321;CONJUNTO RESIDENCIAL LA ESQUINA DE LAS GARZAS;CALLE 16 A  127 - 35;COLOMBIA;Valle del cauca;CALI;L;L%&
881;1133;CONDOMINIO COLINAS DE PANCE;CALLE 16A  132-60;COLOMBIA;Valle del cauca;CALI;L;L%&
903;1019;condominio balcones de pance;CALLE 18 bis  127 c 11;COLOMBIA;Valle del cauca;CALI;L;L%&
906;2565;CLUB RINCON DE FATIMA ;CALLE 18  180-10;COLOMBIA;Valle del cauca;CALI;L;L%&
948;2400;CONDOMINIO EL SAMAN;CALLE 19 A  127 -50;COLOMBIA;Valle del cauca;CALI;L;L%&
967;891;NAPOLES III ETAPA;CALLE 1C CARRERA 79;COLOMBIA;Valle del cauca;CALI;L;L%&
1035;462;CONDOMINIO LA VIGA;CALLE 20  146-145;COLOMBIA;Valle del cauca;CALI;L;L%&
1036;1495;CONJUNTO RESIDENCIAL PEYARES;CALLE 20  154-34;COLOMBIA;Valle del cauca;CALI;L;L%&
1067;2036;CONJUNTO RESIDENCIAL REMANSO DE CIUDAD JARDIN;CALLE 22A  112 A 35 CAÑAS GORDAS;COLOMBIA;Valle del cauca;CALI;L;L%&
1103;836;CONJUNTO RESIDENCIAL VALLE DEL LILI - SECTOR I;CALLE 26  81-40;COLOMBIA;Valle del cauca;CALI;L;L%&
1118;2984;CONJUNTO RESIDENCIAL PORTAL DE LA BOCHA VIS;CALLE 28  111 - 39;COLOMBIA;Valle del cauca;CALI;L;L%&
1125;2748;ALLEGRO BOCHALEMA;CALLE 28 113 - 57;COLOMBIA;Valle del cauca;CALI;L;L%&
1192;3042;CONJUNTO RESIDENCIAL ALTABRISA VIS;CALLE 30  121 A - 105;COLOMBIA;Valle del cauca;CALI;L;L%&
1193;3091;CONJUNTO RESIDENCIAL VERDEBRISA;CALLE 30  121 A - 28;COLOMBIA;Valle del cauca;CALI;L;L%&
1198;1135;CONJUNTO RESIDENCIAL PLAZA CENTRAL TRES;CALLE 30N  2A-08;COLOMBIA;Valle del cauca;CALI;L;L%&
1213;421;CONJUNTO RESIDENCIAL GIRASOLES DE LA FLORA I Y II;CALLE 33B  2BN-83;COLOMBIA;Valle del cauca;CALI;L;L%&
1276;2906;PARCELACION LOMAS DEL RIO;CALLE 4  179 - 850;COLOMBIA;Valle del cauca;CALI;L;L%&
1329;2627;CONJUNTO RESIDENCIAL ENTREPALMAS;CALLE 44  109 -83;COLOMBIA;Valle del cauca;CALI;L;L%&
1330;2470;CONJUNTO RESIDENCIAL FARALLONES  DE LA BOCHA -VIS ;CALLE 44  109-29;COLOMBIA;Valle del cauca;CALI;L;L%&
1335;2613;CONJUNTO RESIDENCIAL LAGOS DE LA BOCHA ;CALLE 44  113 -39;COLOMBIA;Valle del cauca;CALI;L;L%&
1332;2457;CONJUNTO RESIDENCIAL PARQUES DE LA BOCHA;CALLE 44  113-44;COLOMBIA;Valle del cauca;CALI;L;L%&
1357;2650;EDIFICIO  OASIS DE LA BOCHA;CALLE 46 N0 112 -51;COLOMBIA;Valle del cauca;CALI;L;L%&
1359;2378;CONJUNTO RESIDENCIAL MANANTIAL DE LA BOCHA;CALLE 46  109 - 39;COLOMBIA;Valle del cauca;CALI;L;L%&
1360;2543;EDIFICIO FUENTES DE LA BOCHA;CALLE 46  111 - 59;COLOMBIA;Valle del cauca;CALI;L;L%&
1358;2933;CONJUNTO RESIDENCIAL CASCADAS DE LA BOCHA -VIS;CALLE 46  113 -29;COLOMBIA;Valle del cauca;CALI;L;L%&
1383;2870;CONJUNTO RESIDENCIAL ACUARELA VIS;CALLE 49  121 A - 35;COLOMBIA;Valle del cauca;CALI;L;L%&
1388;398;CONDOMINIO DOS QUEBRADAS SECTOR PANCE;CALLE 4A  124A-64;COLOMBIA;Valle del cauca;CALI;L;L%&
1405;2761; CONDOMINIO CAMPESTRE RESERVA DE PANCE  ETAPA 1 PROPIEDAD HORIZONTAL ;CALLE 5 B  CARRERAS 141 Y142;COLOMBIA;Valle del cauca;CALI;L;L%&
1434;924;CENTRO COMERCIAL CAPRI;CALLE 5  76-05;COLOMBIA;Valle del cauca;CALI;L;L%&
1463;2652;AGRUPACION PORTAL DE LA ALAMEDA;CALLE 53 CARRERA 98 C;COLOMBIA;Valle del cauca;CALI;L;L%&
1466;2818;EDIFICIO BUGANVILIA ;CALLE 53  83 E -31;COLOMBIA;Valle del cauca;CALI;L;L%&
1474;2585;EDIFICIO EL HIGUERON ;CALLE 53  83C -61;COLOMBIA;Valle del cauca;CALI;L;L%&
1467;2437;CONJUNTO RESIDENCIAL SENDEROS DEL PARQUE;CALLE 53  97-55;COLOMBIA;Valle del cauca;CALI;L;L%&
1468;2458;CONJUNTO RESIDENCIAL ALAMEDA CENTRAL ;CALLE 53  98 -91;COLOMBIA;Valle del cauca;CALI;L;L%&
1475;2560;AGRUPACION PORTAL DE LA ALAMEDA;CALLE 53  98C -43;COLOMBIA;Valle del cauca;CALI;L;L%&
1476;2541;CONJUNTO RESIDENCIAL SENDEROS DEL RIO;CALLE 53  99 - 131;COLOMBIA;Valle del cauca;CALI;L;L%&
1482;2527;UNIDAD RESIDENCIAL SAMANES DE FONDECOM VIS;CALLE 54  84 - 160;COLOMBIA;Valle del cauca;CALI;L;L%&
1485;2548;CONJUNTO RESIDENCIAL PASEO DE LA ALAMEDA;CALLE 54  98-97;COLOMBIA;Valle del cauca;CALI;L;L%&
1494;2637;CONJUNTO RESIDENCIAL REMANSOS DEL LILI;CALLE 55  99 -250;COLOMBIA;Valle del cauca;CALI;L;L%&
1508;2685;CONJUNTO RESIDENCIAL MULTIFAMILAR K 109 EBA ETAPA I;CALLE 58  109 -83;COLOMBIA;Valle del cauca;CALI;L;L%&
1509;3027;CONJUNTO TERRACOTA B VIS;CALLE 58  93 - 199;COLOMBIA;Valle del cauca;CALI;L;L%&
1561;1665;CONJUNTO RESIDENCIAL PORTAL DE LA LOMA ;CALLE 6  127-85 Pance;COLOMBIA;Valle del cauca;CALI;L;L%&
1562;3017;PANCE CAMPESTRE ETAPA 1;CALLE 6  137 - 94;COLOMBIA;Valle del cauca;CALI;L;L%&
1598;3075;CAFETO CONJUNTO RESIDENCIAL ETAPA 1 SUBETAPA 1A Y SUBETAPA 1B-VIS;CALLE 60 A  119 - 140;COLOMBIA;Valle del cauca;CALI;L;L%&
1597;2976;CONJUNTO RESIDENCIAL  PRADERA VIS ;CALLE 60 A  119 C -84;COLOMBIA;Valle del cauca;CALI;L;L%&
1599;3088;CONJUNTO RESIDENCIAL CARACOLI;CALLE 60 B  107 - 75;COLOMBIA;Valle del cauca;CALI;L;L%&
1601;2996;LANTANA CONJUNTO RESIDENCIAL -VIS ETAPA 1 SUB ETAPA 1A ;CALLE 60 B  119 A - 51;COLOMBIA;Valle del cauca;CALI;L;L%&
1612;3021;CONJUNTO JADE;CALLE 60  97 BIS - 46;COLOMBIA;Valle del cauca;CALI;L;L%&
1606;2796;CONJUNTO TURQUESA B -VIS ;CALLE 60  98 C-43;COLOMBIA;Valle del cauca;CALI;L;L%&
1607;2759;CONJUNTO AMBAR PROPIEDAD HORIZONTA ;CALLE 60  98 D-45;COLOMBIA;Valle del cauca;CALI;L;L%&
1608;2688;CONJUNTO RESIDENCIAL RESERVA CARMESI;CALLE 60  98 F -33;COLOMBIA;Valle del cauca;CALI;L;L%&
1618;2999;CONJUNTO AMATISTA A - VIS;CALLE 61  93 - 180;COLOMBIA;Valle del cauca;CALI;L;L%&
1619;3000;CONJUNTO AMATISTA B - VIS;CALLE 61  93 - 48;COLOMBIA;Valle del cauca;CALI;L;L%&
1691;1868;CONDOMINIO QUINTAS DE PANCE;CALLE 7  141-180;COLOMBIA;Valle del cauca;CALI;L;L%&
1741;1694;CENTRO CULTURAL ANTROPOSOFICO Y COMUNIDAD DE LOS CRISTIAS;CALLE 7ª  41 -11;COLOMBIA;Valle del cauca;CALI;L;L%&
1819;578;EDIFICIO 99;CALLE 9A  8-54;COLOMBIA;Valle del cauca;CALI;L;L%&
1852;2482;CONJUNTO MULTIFAMILIAR EL PORTAL DE LA AUTOMA II VIS PLAN PARCIAL DE LAS VEGAS DE COMFANDI UNIDAD DE GESTION II;CALLLE 54  84 - 34;COLOMBIA;Valle del cauca;CALI;L;L%&
1865;1200;EDIFICIO jardin via veneto;CARRERA 1 a OESTE  1-75;COLOMBIA;Valle del cauca;CALI;L;L%&
1867;209;EDIFICIO TAHAYULI;CARRERA 1 AVENIDA 11-65 OESTE;COLOMBIA;Valle del cauca;CALI;L;L%&
1895;1771;COPROPIETARIOS DEL EDIFICIO DEL RIO ;CARRERA 1 OESTE  1 B -16;COLOMBIA;Valle del cauca;CALI;L;L%&
1896;593;EDIFICIO ALTOS DEL RIO;CARRERA 1 OESTE  10-09;COLOMBIA;Valle del cauca;CALI;L;L%&
1897;939;EDIFICIO IARKON;CARRERA 1 OESTE  10-27;COLOMBIA;Valle del cauca;CALI;L;L%&
1898;1118;EDIFICIO Santa Teresita ;CARRERA 1 OESTE  11-135;COLOMBIA;Valle del cauca;CALI;L;L%&
1901;1527;EDIFICIO RIVERA DEL RIO;CARRERA 1 OESTE  11-79;COLOMBIA;Valle del cauca;CALI;L;L%&
1902;2882;EDIFICIO MULTIFAMILIAR RIO ALTO APARTAMENTOS;CARRERA 1 OESTE  13 - 45;COLOMBIA;Valle del cauca;CALI;L;L%&
1903;270;EDIFICIO RIO CLARO;CARRERA 1 OESTE  13-49;COLOMBIA;Valle del cauca;CALI;L;L%&
1904;1189;CENTRO ALFEREZ REAL;CARRERA 1 OESTE  1-50/76;COLOMBIA;Valle del cauca;CALI;L;L%&
1893;2467;MOLIS DE SANTA TERESITA  APARTAMENTOS ;CARRERA 1 OESTE  17 OESTE -77;COLOMBIA;Valle del cauca;CALI;L;L%&
1988;2699;CONJUNTO  VILLA CAERMESI;CARRERA 102  98 F 24;COLOMBIA;Valle del cauca;CALI;L;L%&
1999;3036;K 104 MAPLE CONJUNTO RESIDENCIAL ETAPA I;CARRERA 104  44 - 69;COLOMBIA;Valle del cauca;CALI;L;L%&
2011;2869;CONJUNTO RESIDENCIAL K 106 RATTAN ETAPA I;CARRERA 106  44 - 67;COLOMBIA;Valle del cauca;CALI;L;L%&
2015;2900;CONJUNTO RESIDENCIAL K 108 - CEDRO ETAPA I;CARRERA 108  42 - 92;COLOMBIA;Valle del cauca;CALI;L;L%&
2012;2587;CONJUNTO RESIDENCIAL K-108 TEKA  ETAPA I;CARRERA 108  42-17;COLOMBIA;Valle del cauca;CALI;L;L%&
2013;2625;CONJUNTO MULTIFAMILIAR  -K108 GAL ETAPA  I;CARRERA 108  44 -75;COLOMBIA;Valle del cauca;CALI;L;L%&
2018;2815;CONJUNTO RESIDENCIAL K-111 GRANADILLO V1S ETAPA I;CARRERA 111  49-32;COLOMBIA;Valle del cauca;CALI;L;L%&
2022;3001;CENTRO COMERCIAL PORTAL DE LA BOCHA PLAZA;CARRERA 112  28 - 47;COLOMBIA;Valle del cauca;CALI;L;L%&
2020;2509;EDIFICIO PALMERAS DE LA BOCHA;CARRERA 112  44 -21;COLOMBIA;Valle del cauca;CALI;L;L%&
2023;2858;CONJUNTO RESIDENCIAL K 112 PI ETAPA 1-VIS;CARRERA 112  48 - 92;COLOMBIA;Valle del cauca;CALI;L;L%&
2025;1828;CONJUNTO GUALANDAY A-B;CARRERA 113 BIS  5-80/81;COLOMBIA;Valle del cauca;CALI;L;L%&
2031;2635;CONJUNTO RESIDENCIAL  PUNTA DEL ESTE;CARRERA 113  28 -71;COLOMBIA;Valle del cauca;CALI;L;L%&
2039;2491;CONJUNTO RESIDENCIAL  PORTAL DEL ALFEREZ;CARRERA 115  1 8 -43;COLOMBIA;Valle del cauca;CALI;L;L%&
2046;286;CONJUNTO MIRA MONTES;CARRERA 115  6-226;COLOMBIA;Valle del cauca;CALI;L;L%&
2057;2832;CONJUNTO RESIDENCIAL GAUDI;CARRERA 118  04-147;COLOMBIA;Valle del cauca;CALI;L;L%&
2060;2020;CONDOMINIO ALTOS DE LA COLINA;CARRERA 118  4-220;COLOMBIA;Valle del cauca;CALI;L;L%&
2061;2995;AREKA CONJUNTO RESIDENCIAL ETAPA 1 SUBETAPA 1A;CARRERA 119 A  60 - 56;COLOMBIA;Valle del cauca;CALI;L;L%&
2062;3071;CANELO CONJUNTO RESIDENCIAL ETAPA 1;CARRERA 119 A  60 B - 75;COLOMBIA;Valle del cauca;CALI;L;L%&
2063;3022;AZALEA CONJUNTO RESIDENCIAL VIS - ETAPA 1 SUB ETAPA 1A Y SUB ETAPA 1B;CARRERA 119 B  60 B - 147;COLOMBIA;Valle del cauca;CALI;L;L%&
2064;3014;KAMELIA CONJUNTO RESIDENCIAL  ETAPA 1 SUBETAPA 1 B VIS ;CARRERA 119 B  60-195;COLOMBIA;Valle del cauca;CALI;L;L%&
2065;2970;PARCELACION CONDADO DE LA RIVERA ;CARRERA 119  5 - 122;COLOMBIA;Valle del cauca;CALI;L;L%&
2074;3012;EDIFICIO GRATTA;CARRERA 121 A  42 - 16;COLOMBIA;Valle del cauca;CALI;L;L%&
2075;2895;CONJUNTO RESIDENCIAL ACUARELA II VIS;CARRERA 121 A  47 - 108;COLOMBIA;Valle del cauca;CALI;L;L%&
2076;2872;CONJUNTO RESIDENCIAL AGUACLARA VIS;CARRERA 121 A  48 - 100;COLOMBIA;Valle del cauca;CALI;L;L%&
2082;2935;EDIFICIO CIELOS DE CIUDAD PACIFICA VIS;CARRERA 121  47 A - 123;COLOMBIA;Valle del cauca;CALI;L;L%&
2083;2919;CONJUNTO RESIDENCIAL VENTURA II VIS;CARRERA 121  47 A - 46;COLOMBIA;Valle del cauca;CALI;L;L%&
2090;1986;CONJUNTO RESIDENCIAL JARDIN DE PANCE;CARRERA 123  14-138;COLOMBIA;Valle del cauca;CALI;L;L%&
2096;2111;CONJUNTO RESIDENCIAL BOSQUE DE SAIJA;CARRERA 125  2-235;COLOMBIA;Valle del cauca;CALI;L;L%&
2100;372;CONJUNTO ACUARELAS DE PANCE;CARRERA 125  5-85;COLOMBIA;Valle del cauca;CALI;L;L%&
2102;2432;CONDOMINIO PORTALES DE LA MARIA  II;CARRERA 126 B  PARCELACION ALFEREZ REAL;COLOMBIA;Valle del cauca;CALI;L;L%&
2107;18;CONJUNTO RESIDENCIAL GALICIA;CARRERA 127  20-100;COLOMBIA;Valle del cauca;CALI;L;L%&
2108;1855;RESIDENCIAL  PARAISO DEL RIO;CARRERA 127  9 - 100;COLOMBIA;Valle del cauca;CALI;L;L%&
2109;1435;CONJUNTO RESIDENCIAL RIO PANCE;CARRERA 127  9-200;COLOMBIA;Valle del cauca;CALI;L;L%&
2111;2325;CONJUNTO RESIDENCIAL  ENTRESAUCES;CARRERA 129 A  3 -100;COLOMBIA;Valle del cauca;CALI;L;L%&
2115;2341;CONJUNTO RESIDENCIAL CALLEJON DEL BOSQUE;CARRERA 130  11 -153;COLOMBIA;Valle del cauca;CALI;L;L%&
2117;2833;CONJUNTO CAMPETRE EL ENCENILLO;CARRERA 138  3-60;COLOMBIA;Valle del cauca;CALI;L;L%&
2118;2992;CONDOMINIO RESIDENCIAL BATIK;CARRERA 138  4 - 133;COLOMBIA;Valle del cauca;CALI;L;L%&
2120;2760;ALTOPANCE CONDOMINIO CAMPESTRE ETAPA 1 PROPIEDAD HORIZONTAL ;CARRERA 140  3-05;COLOMBIA;Valle del cauca;CALI;L;L%&
2121;2283;CONDOMINIO CAMPESTRE LLA DE PIEDRA;CARRERA 142  21-115;COLOMBIA;Valle del cauca;CALI;L;L%&
2123;1850;CONDOMINIO SOL DE PANCE;CARRERA 142  22-210;COLOMBIA;Valle del cauca;CALI;L;L%&
2124;1871;CONDOMINIOS SOLARES DE PANCE I ;CARRERA 144  5 C 190;COLOMBIA;Valle del cauca;CALI;L;L%&
2125;1856;CONDOMINIO SOLARES DE PANCE II;CARRERA 144  5-C155;COLOMBIA;Valle del cauca;CALI;L;L%&
2126;81;BELLO HORIZONTE CONDOMINIO CAMPESTRE;CARRERA 146  19-81;COLOMBIA;Valle del cauca;CALI;L;L%&
2127;941;Condominio tierras de chiminango;CARRERA 148 CALLE ;COLOMBIA;Valle del cauca;CALI;L;L%&
2128;1573;PARCELACION TIERRAS DE CHIMINAGO;CARRERA 148  6-31;COLOMBIA;Valle del cauca;CALI;L;L%&
2129;1378;CONDOMINIO ALAMEDA DE PANCE;CARRERA 148  6-75;COLOMBIA;Valle del cauca;CALI;L;L%&
2132;2293;BOSQUES DE LA  VIGA  CONDOMINIO CAMPESTRE  ;CARRERA 154  18 -75;COLOMBIA;Valle del cauca;CALI;L;L%&
2133;2197;CONDOMINIO CAMPESTRE PIEDRALINDA;CARRERA 154  20 -75;COLOMBIA;Valle del cauca;CALI;L;L%&
2134;2459;CONJUNTO RESIDENCIAL TERRACO CONDOMINIO  6 MANZANA  A;CARRERA 159  19-150;COLOMBIA;Valle del cauca;CALI;L;L%&
2135;2340;CONJUNTO RESIDENCIAL AGUAS CALIENTES II;CARRERA 159  20-155;COLOMBIA;Valle del cauca;CALI;L;L%&
2271;580;EDIFICIO DOS ELES;CARRERA 23  5A-31/37;COLOMBIA;Valle del cauca;CALI;L;L%&
2264;2707;EDIFICIO 20  URBANIZACION RIO CAUCA ;CARRERA 23  75 B -34;COLOMBIA;Valle del cauca;CALI;L;L%&
2265;2708;EDIFICIO 23  URBANIZACION RIO CAUCA ;CARRERA 23  75 B -76;COLOMBIA;Valle del cauca;CALI;L;L%&
2266;2709;EDIFICIO 24  URBANIZACION RIO CAUCA ;CARRERA 23  75 B -90;COLOMBIA;Valle del cauca;CALI;L;L%&
2267;2724;EDIFICIO  21  URBANIZACION RIO CAUCA ;CARRERA 23  75 B-48;COLOMBIA;Valle del cauca;CALI;L;L%&
2332;2938;BIFAMILIAR ZARAMA;CARRERA 26  56-05;COLOMBIA;Valle del cauca;CALI;L;L%&
2359;350;EDIFICIO EL RINCON  ;CARRERA 2A OESTE  7 - 92 / 100;COLOMBIA;Valle del cauca;CALI;L;L%&
2360;1677;EDIFICIO LA COLINA ;CARRERA 2A OESTE  7-121;COLOMBIA;Valle del cauca;CALI;L;L%&
2361;812;EDIFICIO TERRACOTA;CARRERA 2A OESTE  7-185;COLOMBIA;Valle del cauca;CALI;L;L%&
2395;2648;EDIFICIO MULTIFAMILIAR JIREH;CARRERA 3 OESTE N o13 -37;COLOMBIA;Valle del cauca;CALI;L;L%&
2401;184;EDIFICIO AVENIDA ISAACS;CARRERA 3 OESTE  1-08;COLOMBIA;Valle del cauca;CALI;L;L%&
2403;538;EDIFICIO ENTRE LOMAS;CARRERA 3 OESTE  11-110;COLOMBIA;Valle del cauca;CALI;L;L%&
2404;1018;EDIFICIO ALCAZABA;CARRERA 3 OESTE  11-261;COLOMBIA;Valle del cauca;CALI;L;L%&
2405;1551;EDIFICIO TERRAVA;CARRERA 3 OESTE  11-275;COLOMBIA;Valle del cauca;CALI;L;L%&
2406;603;EDIFICIO LADERA;CARRERA 3 OESTE  11-291;COLOMBIA;Valle del cauca;CALI;L;L%&
2407;1095;CONJUNTO RESIDENCIAL San Antonio del peñon;CARRERA 3 OESTE  1-25/27/29/35/39;COLOMBIA;Valle del cauca;CALI;L;L%&
2409;680;EDIFICIO LAS COLINAS;CARRERA 3 OESTE  2-14 Y CALLE 2  2-42/46 OESTE;COLOMBIA;Valle del cauca;CALI;L;L%&
2397;2082;EDIFICIO PUNTA OESTE ;CARRERA 3 OESTE  5 -59;COLOMBIA;Valle del cauca;CALI;L;L%&
2398;2177;EDIFICIO ALTO PALERMO;CARRERA 3 OESTE  5-124/128;COLOMBIA;Valle del cauca;CALI;L;L%&
2399;2151;EDIFICIO EL BARRANCO ;CARRERA 3 OESTE  5-13;COLOMBIA;Valle del cauca;CALI;L;L%&
2414;630;EDIFICIO VILLAMAYOR;CARRERA 3 OESTE  5-80;COLOMBIA;Valle del cauca;CALI;L;L%&
2417;341;EDIFICIO NAVENIDAAR;CARRERA 3 OESTE  7-61;COLOMBIA;Valle del cauca;CALI;L;L%&
2418;365;EDIFICIO ARBOLEDA;CARRERA 3 OESTE  9-170;COLOMBIA;Valle del cauca;CALI;L;L%&
2419;912;CONJUNTO RESIDENCIAL ALTOS DE LA ARBOLEDA;CARRERA 3 OESTE  9-198;COLOMBIA;Valle del cauca;CALI;L;L%&
2420;1104;EDIFICIO Horizontes;CARRERA 3 OESTE  9-86;COLOMBIA;Valle del cauca;CALI;L;L%&
2435;1457;Bodegas Gleason;CARRERA 32  6-69;COLOMBIA;Valle del cauca;CALI;L;L%&
2455;1483;EDIFICIO Calicanto;CARRERA 35A  3Bis-36;COLOMBIA;Valle del cauca;CALI;L;L%&
2456;1230;EDIFICIO COIMBRA;CARRERA 35A 3BIS-29;COLOMBIA;Valle del cauca;CALI;L;L%&
2485;55;CONJUNTO RESIDENCIAL LA ISABELA;CARRERA 38  37A-72;COLOMBIA;Valle del cauca;CALI;L;L%&
2506;2391;EDIFICIO ARDILA  ;CARRERA 4  10 -63 -67;COLOMBIA;Valle del cauca;CALI;L;L%&
2513;1478;COPROPIETARIOS DEL EDIFICIO DEL BANCO DE BOGOTA;CARRERA 4  11-45/55;COLOMBIA;Valle del cauca;CALI;L;L%&
2517;509;EDIFICIO GLORIA;CARRERA 4  24C-655 OESTE;COLOMBIA;Valle del cauca;CALI;L;L%&
2523;1633;EDIFICIO LOS TULIPANES;CARRERA 4 OESTE  1-103;COLOMBIA;Valle del cauca;CALI;L;L%&
2630;2972;EDIFICIO  ALHELI ;CARRERA 53 B  83 E-53;COLOMBIA;Valle del cauca;CALI;L;L%&
2675;1600;CONJUNTO RESIDENCIAL  VILLA ALEGRE;CARRERA 57  11- A-49;COLOMBIA;Valle del cauca;CALI;L;L%&
2678;338;EDIFICIO ATALANTA ;CARRERA 57  4-49;COLOMBIA;Valle del cauca;CALI;L;L%&
2701;550;EDIFICIO PRINCESS;CARRERA 59  1-56;COLOMBIA;Valle del cauca;CALI;L;L%&
2705;2752;EDIFICIO MULTIFAMILIAR LOS COLORES;CARRERA 59  5 - 41 / 43;COLOMBIA;Valle del cauca;CALI;L;L%&
2706;2946;EDIFICIO EVELYN;CARRERA 59  5 -36;COLOMBIA;Valle del cauca;CALI;L;L%&
2879;2763;EDIFICIO  LA GUABINERA  PROPIEDAD HORIZONTAL VIS -VIP ;CARRERA 83 D  53A -33;COLOMBIA;Valle del cauca;CALI;L;L%&
2881;2859;EDIFICIO MULTIFAMILIAR EL CIPRES;CARRERA 83 E  53 A - 33;COLOMBIA;Valle del cauca;CALI;L;L%&
2882;2856;EDIFICIO MULTIFAMILIAR LAS BROMELIAS;CARRERA 83 E  53 A - 57;COLOMBIA;Valle del cauca;CALI;L;L%&
2883;2975;EDIFICIO  CAMPANILLAS;CARRERA 83 E  54 - 58;COLOMBIA;Valle del cauca;CALI;L;L%&
2884;2990;CONJUNTO MULTIFAMILIAR CATTLEYA VIS;CARRERA 83 E  54 - 79;COLOMBIA;Valle del cauca;CALI;L;L%&
2886;2963;EDIFICIO BAMBU;CARRERA 83 F  53 A - 58;COLOMBIA;Valle del cauca;CALI;L;L%&
2887;2980;EDIFICIO ALGARROBO;CARRERA 83 F  54 - 57;COLOMBIA;Valle del cauca;CALI;L;L%&
2888;2958;EDIFICIO  EL BALSO ;CARRERA 83 F  54 - 58;COLOMBIA;Valle del cauca;CALI;L;L%&
2913;2964;EDIFICIO FRANCESI;CARRERA 84  53 A - 57;COLOMBIA;Valle del cauca;CALI;L;L%&
2914;2955;EDIFICIO LOS ROSALES ;CARRERA 84  54 - 57;COLOMBIA;Valle del cauca;CALI;L;L%&
2915;3051;EDIFICIO LOS PAPIROS;CARRERA 84  55 - 59;COLOMBIA;Valle del cauca;CALI;L;L%&
2922;2493;EDIFICIO MULTIFAMILIAR MIXTO  ARBOLEDA DE LAS VEGAS VIS ;CARRERA 85 C 1  54 B -27;COLOMBIA;Valle del cauca;CALI;L;L%&
2933;2775;CONJUNTO RESIDENCIAL JARDIN DE LAS VEGAS VIS ;CARRERA 85 D  54-60;COLOMBIA;Valle del cauca;CALI;L;L%&
3005;2950;CONJUNTO GRANATE  V I S ;CARRERA 95 59 - 34 ;COLOMBIA;Valle del cauca;CALI;L;L%&
3008;3058;CONJUNTO RESIDENCIAL CANTABRIA;CARRERA 96  53 - 172;COLOMBIA;Valle del cauca;CALI;L;L%&
3009;2923;CONJUNTO MAGENTA B-VIS;CARRERA 96  59 - 42;COLOMBIA;Valle del cauca;CALI;L;L%&
3011;3033;CONJUNTO TURQUI VIS;CARRERA 97  58 - 31;COLOMBIA;Valle del cauca;CALI;L;L%&
3018;2864;CONJUNTO ZAFIRO B - VIS;CARRERA 98 B  60 - 115;COLOMBIA;Valle del cauca;CALI;L;L%&
3021;2670;CONJUNTO RESIDENCIAL  PORTAL DE LA ALAMEDA DOS   ;CARRERA 98 C  53-112;COLOMBIA;Valle del cauca;CALI;L;L%&
3019;2578;CONJUNTO RESIDENCIAL MIRADOR DE LA ALAMEDA;CARRERA 98 C  54-86;COLOMBIA;Valle del cauca;CALI;L;L%&
3020;2798;CONJUNTO TURQUESA  C -VIS ;CARRERA 98 C  60- 96;COLOMBIA;Valle del cauca;CALI;L;L%&
3022;2797;CONJUNTO TURQUESA  A -VIS ;CARRERA 98 D  60-87;COLOMBIA;Valle del cauca;CALI;L;L%&
3023;2915;CONJUNTO CELESTE PARQUE RESIDENCIAL;CARRERA 98 E  60 - 66;COLOMBIA;Valle del cauca;CALI;L;L%&
3024;2944;CONJUNTO INDIGO;CARRERA 98 F  58 - 66;COLOMBIA;Valle del cauca;CALI;L;L%&
3026;2388;CAMPOS DEL BOSQUE   CONJUNTO RESIDENCIAL  V I S ETAPA  I;CARRERA 98  53-105;COLOMBIA;Valle del cauca;CALI;L;L%&
3027;2402;CONJUNTO RESIDENCIAL SENDEROS DE LA PRADERA ;CARRERA 98  53-181;COLOMBIA;Valle del cauca;CALI;L;L%&
3031;2877;CONJUNTO MARFIL B VIS;CARRERA 98  60 - 133;COLOMBIA;Valle del cauca;CALI;L;L%&
3032;2920;CONJUNTO ZAFIRO C-VIS;CARRERA 98  60 - 96;COLOMBIA;Valle del cauca;CALI;L;L%&
3049;525;CONJUNTO TERRACOTA;CORREGIMIENTO DE PANCE  20-46;COLOMBIA;Valle del cauca;CALI;L;L%&
3050;26;PARCELACION CANTACLARO;CORREGIMIENTO LA BUITRERA;COLOMBIA;Valle del cauca;CALI;L;L%&
3052;839;condominio catay;corregimiento la viga pance;COLOMBIA;Valle del cauca;CALI;L;L%&
3069;12;EDIFICIO CENTRO COMERCIAL Y PROFESIONAL EL PANAMERICA;DIAGONAL 29  36-04/06/10/12 Y CARRERA 36  D28-84;COLOMBIA;Valle del cauca;CALI;L;L%&
3080;2203;CONDOMINIO LOS BOHIOS;LA VIGA PANCE;COLOMBIA;Valle del cauca;CALI;L;L%&
3081;78;CONDOMINIO RIVERAS DE PANCE;CORREGIMIENTO DE PANCE;COLOMBIA;Valle del cauca;CALI;L;L%&
3082;1922;CONJUNTO RESIDENCIAL PARAISO DE LA MORADA;PARCELACION LA MORADA;COLOMBIA;Valle del cauca;CALI;L;L%&
3083;1073;CONJUNTO RESIDENCIAL el Riachuelo;Sector la Viga-Pance;COLOMBIA;Valle del cauca;CALI;L;L%&
3096;35;PARCELACION CHORRO DE PLATA;VEREDA LA VORAGINE;COLOMBIA;Valle del cauca;CALI;L;L%&
3097;1033;parcelacion chorros de la plata;vereda la voragine pance;COLOMBIA;Valle del cauca;CALI;L;L%&
